{
  "project_info": {
    "project_number": "829565924037",
    "firebase_url": "https://snapchatpro-f4348.firebaseio.com",
    "project_id": "snapchatpro-f4348",
    "storage_bucket": "snapchatpro-f4348.appspot.com"
  },
  "client": [
    {
      "client_info": {
        "mobilesdk_app_id": "1:829565924037:android:f82f1fde73407d30",
        "android_client_info": {
          "package_name": "com.example.utilisateur.snapchatpro"
        }
      },
      "oauth_client": [
        {
          "client_id": "829565924037-003po0td58retmf3asu6v6ispdp14il3.apps.googleusercontent.com",
          "client_type": 1,
          "android_info": {
            "package_name": "com.example.utilisateur.snapchatpro",
            "certificate_hash": "da20c43e3e0199027adc902af34ff37bd98782a2"
          }
        },
        {
          "client_id": "829565924037-j0a8omuf2lj4ralovoa2nao5tmr731d2.apps.googleusercontent.com",
          "client_type": 3
        }
      ],
      "api_key": [
        {
          "current_key": "AIzaSyDgievLV_2CWBHm6dZF1qDq2_Sz2jgNzSA"
        }
      ],
      "services": {
        "analytics_service": {
          "status": 1
        },
        "appinvite_service": {
          "status": 2,
          "other_platform_oauth_client": [
            {
              "client_id": "829565924037-j0a8omuf2lj4ralovoa2nao5tmr731d2.apps.googleusercontent.com",
              "client_type": 3
            }
          ]
        },
        "ads_service": {
          "status": 2
        }
      }
    }
  ],
  "configuration_version": "1"
}